site,title,price,image_url,link
iTokri,Blue - Kantha Work Printed Cotton Table Runner, 690,//itokri.com/cdn/shop/products/0X2A2258_977d1d8d-8cc3-495e-b354-bc337655fb35.jpg?v=1630925725&width=480,https://www.itokri.com/products/2021-577-2-7-kantha-work-printed-cotton-table-runner
iTokri,White - Sanganeri Print Cotton Table Runner with Mats & Napkins, 2190,//itokri.com/cdn/shop/files/0Q8A9460_52f2859c-9a49-4d29-a047-149ff0b024a0.jpg?v=1697358097&width=480,https://www.itokri.com/products/2023-908-1-1sanganeri-block-printed-cotton-dining-table-runner-mats-set-of-6-napkins-set-of-6
iTokri,White - Sanganeri Print Cotton Table Runner with Mats & Napkins, 2190,//itokri.com/cdn/shop/products/3E9A1671.jpg?v=1664790380&width=480,https://www.itokri.com/products/2022-621-1-23-sanganeri-block-printing-cotton-dining-table-runner-mats-set-of-6-napkins-set-of-6
iTokri,Pink - Sanganeri Print Cotton Table Runner with Mats & Napkins, 2190,//itokri.com/cdn/shop/products/3E9A1628.jpg?v=1664789006&width=480,https://www.itokri.com/products/2022-621-1-11-sanganeri-block-printing-cotton-dining-table-runner-mats-set-of-6-napkins-set-of-6
iTokri,Red - Handmade Cotton Table Runner 08, 690,//itokri.com/cdn/shop/files/3T1A1919_b672e6f0-436a-4615-99e2-b4f454c0b41f.jpg?v=1750497717&width=480,https://www.itokri.com/products/handmade-cotton-table-runner-08-2025-299-1-8
iTokri,Light Blue - Applique Cut work Cotton Table Runner (35 x 17 in), 650,//itokri.com/cdn/shop/files/3E9A2990_c4ef7f8d-3e4f-42ee-b901-6bc12d96cd46.jpg?v=1707734435&width=480,https://www.itokri.com/products/2023-504-2-36-applique-cutwork-cotton-table-runner-35-x-17-in
iTokri,Brown - Handmade Cotton Table Runner 07, 690,//itokri.com/cdn/shop/files/3T1A1915_516b9b55-b93c-435f-a0ce-c83116b4d6dc.jpg?v=1750497728&width=480,https://www.itokri.com/products/handmade-cotton-table-runner-07-2025-299-1-7
iTokri,Light Blue  - Applique Cut Work Table Runner with Table Mat Set 85, 2650,//itokri.com/cdn/shop/files/0X2A0215.jpg?v=1724938518&width=480,https://www.itokri.com/products/2024-680-1-85-applique-cut-work-table-runner-with-table-mat-set-85
iTokri,Yellow - Khambadiya Patchwork Table Runner with Table Mat Set 03, 2290,//itokri.com/cdn/shop/files/3T1A1922_1d96e529-4fc3-4c06-b7d8-4718b66665a2.jpg?v=1736489428&width=480,https://www.itokri.com/products/2024-684-3-3-khambadiya-patchwork-table-runner-with-table-mat-set-03
iTokri,Green - Handmade Cotton Table Runner 16, 690,//itokri.com/cdn/shop/files/3T1A1952_920ac567-ea9e-4e23-bb93-9bcb5b314048.jpg?v=1750497560&width=480,https://www.itokri.com/products/handmade-cotton-table-runner-16-2025-299-1-16
iTokri,Red - Natural Bamboo Bagh Block Printed Dining Table Runner 13, 3690,//itokri.com/cdn/shop/files/0X2A9305_8f1f20d9-d8cf-499e-a762-552e300298ce.jpg?v=1747720856&width=480,https://www.itokri.com/products/natural-bamboo-bagh-block-printed-dining-table-runner-13-2024-1208-1-13
iTokri,White - Sanganeri Print Cotton Table Runner with Mats & Napkins, 2190,//itokri.com/cdn/shop/files/0Q8A9475_23747154-a6f2-453f-83e6-5f6805d356a0.jpg?v=1697357991&width=480,https://www.itokri.com/products/2023-908-1-6-sanganeri-block-printed-cotton-dining-table-runner-mats-set-of-6-napkins-set-of-6
iTokri,White -  Sanganeri Block Printed Cotton Dining Table Runner Set, 2190,//itokri.com/cdn/shop/files/E9A2207_7fda33da-57e4-4b27-b90f-e5df78d3a7e2.jpg?v=1700814041&width=480,https://www.itokri.com/products/2023-1036-1-14-sanganeri-block-printed-cotton-dining-table-runner-mats-set-of-6-napkins-set-of-6
iTokri,Multicolor - Banarasi Silk Brocade 13pc Dining Table Runner Set 05, 2190,//itokri.com/cdn/shop/files/3T1A6715_be691406-3bc3-461f-a65b-eb439f0edd87.jpg?v=1734091172&width=480,https://www.itokri.com/products/banarasi-silk-brocade-13pc-dining-table-runner-set-05-2024-1324-1-5
iTokri,Brown - Handmade Cotton Table Runner 14, 690,//itokri.com/cdn/shop/files/3T1A0560_0daec9dc-94be-49a2-8c0a-d18ad4e082c2.jpg?v=1749278812&width=480,https://www.itokri.com/products/handmade-cotton-table-runner-14-2025-230-1-14
iTokri,Green - Applique Cut Work Table Runner with Table Mat Set 82, 2650,//itokri.com/cdn/shop/files/0X2A0199.jpg?v=1724938342&width=480,https://www.itokri.com/products/2024-680-1-82-applique-cut-work-table-runner-with-table-mat-set-82
iTokri,Maroon - Handmade Cotton Table Runner 14, 690,//itokri.com/cdn/shop/files/3T1A1944_6b3321f9-a29f-4921-8761-e9ce2c270f63.jpg?v=1750497598&width=480,https://www.itokri.com/products/handmade-cotton-table-runner-14-2025-299-1-14
iTokri,Blue - Sanganeri Print Cotton Table Runner with Mats & Napkins, 2190,//itokri.com/cdn/shop/products/3E9A1656.jpg?v=1664790210&width=480,https://www.itokri.com/products/2022-621-1-19-sanganeri-block-printing-cotton-dining-table-runner-mats-set-of-6-napkins-set-of-6
iTokri,Multicolor - Block Printed Patchwork Cotton Table Runner (61 x 14 in), 650,//itokri.com/cdn/shop/products/MG_6581_55866791-70b0-4ad7-9342-8fa4c3137efa.jpg?v=1657114483&width=480,https://www.itokri.com/products/519699-2-block-printed-patchwork-cotton-table-runner-61-x-14-in
iTokri,Black - Handmade Reversible Cotton Table Runner 15, 690,//itokri.com/cdn/shop/files/3T1A4145_0d0c0190-bd71-46f5-b7ba-74c049875a07.jpg?v=1744099261&width=480,https://www.itokri.com/products/handmade-reversible-cotton-table-runner-15-2024-1753-1-15
iTokri,Multicolor - Handmade Reversible Cotton Table Runner 13, 690,//itokri.com/cdn/shop/files/3T1A4137.jpg?v=1744099312&width=480,https://www.itokri.com/products/handmade-reversible-cotton-table-runner-13-2024-1753-1-13
iTokri,White - Sanganeri Print Cotton Table Runner with Mats & Napkins, 2190,//itokri.com/cdn/shop/files/0Q8A9488_af57d745-d0bd-437d-9445-5b9f6d9122f4.jpg?v=1697357894&width=480,https://www.itokri.com/products/2023-908-1-8-sanganeri-block-printed-cotton-dining-table-runner-mats-set-of-6-napkins-set-of-6
iTokri,Red - Applique Cut Work Table Runner with Table Mat Set 11, 2150,//itokri.com/cdn/shop/files/0X2A9779.jpg?v=1724938770&width=480,https://www.itokri.com/products/2024-680-1-11-applique-cut-work-table-runner-with-table-mat-set-11
iTokri,Red -  Natural Bamboo Bagh Block Printed Dining Table Runner 12, 3690,//itokri.com/cdn/shop/files/0X2A9300_83af7ee9-f540-4758-8ef3-228c9d200fbc.jpg?v=1747722357&width=480,https://www.itokri.com/products/natural-bamboo-bagh-block-printed-dining-table-runner-12-2024-1208-1-12
iTokri,Purple - Natural Bamboo Bagh Block Printed Dining Table Runner 20, 4200,//itokri.com/cdn/shop/files/0X2A9406_878359a4-91df-446d-8ab2-7436adba0d56.jpg?v=1747723096&width=480,https://www.itokri.com/products/natural-bamboo-bagh-block-printed-dining-table-runner-20-2024-1208-1-20
iTokri,Green - Kutch Tagai Ajrakh Patchwork Mashru Silk Table Runner (48 x 14 in) 04, 1290,//itokri.com/cdn/shop/files/3T1A9600_0306815d-a5e4-490e-ae50-c79e8132804c.jpg?v=1719919740&width=480,https://www.itokri.com/products/2024-393-1-4-kutch-tagai-ajrakh-patchwork-mashru-silk-table-runner-48-x-14-in-04
iTokri,Beige - Applique Cut Work Table Runner with Table Mat Set 42, 2150,//itokri.com/cdn/shop/files/0X2A9932_1678e25e-b836-48c5-b03d-d9920b16eb4d.jpg?v=1724942756&width=480,https://www.itokri.com/products/2024-680-1-42-applique-cut-work-table-runner-with-table-mat-set-42
iTokri,Grey - Chandi Mati Kantha Work Silk Cotton Table Runner, 3900,//itokri.com/cdn/shop/products/0Q8A0387.jpg?v=1664349661&width=480,https://www.itokri.com/products/2022-461-2-33-chandi-mati-tagai-work-silk-cotton-table-runner
iTokri,Purple - Applique Cut Work Table Runner with Table Mat Set 15, 2150,//itokri.com/cdn/shop/files/0X2A9797.jpg?v=1724939089&width=480,https://www.itokri.com/products/2024-680-1-15-applique-cut-work-table-runner-with-table-mat-set-15
iTokri,Yellow - Handmade Cotton Table Runner 06, 690,//itokri.com/cdn/shop/files/3T1A1911_5d08a961-c5d4-4bb6-bdfc-9027f3de8d54.jpg?v=1750497738&width=480,https://www.itokri.com/products/handmade-cotton-table-runner-06-2025-299-1-6
iTokri,White - Sanganeri Print Cotton Table Runner with Mats & Napkins, 2190,//itokri.com/cdn/shop/files/0Q8A9452_074a1ade-6c8b-4279-a04a-964642d7e49c.jpg?v=1697358144&width=480,https://www.itokri.com/products/2023-908-1-3-sanganeri-block-printed-cotton-dining-table-runner-mats-set-of-6-napkins-set-of-6
iTokri,White - Sanganeri Print Cotton Table Runner with Mats & Napkins, 2190,//itokri.com/cdn/shop/files/E9A2164_9c048b76-49bf-4d59-b47c-4c9e5f4d9acf.jpg?v=1700813759&width=480,https://www.itokri.com/products/2023-1036-1-6-sanganeri-block-printed-cotton-dining-table-runner-mats-set-of-6-napkins-set-of-6
iTokri,Beige - Assam Weave Dining Table Runner & Set of 4 Placemats in Handloom Cotton, 3500,//itokri.com/cdn/shop/products/0Q8A7814.jpg?v=1669449386&width=480,https://www.itokri.com/products/2022-794-1-8-assam-weave-dining-table-runner-set-of-4-placemats-in-handloom-cotton
iTokri,Purple - Applique Cut work Cotton Table Runner (47 x 12.5 in), 890,//itokri.com/cdn/shop/files/3T1A9682_12b9bb02-612d-4749-88e0-959c252cff41.jpg?v=1700819888&width=480,https://www.itokri.com/products/2022-309-1-29-applique-cut-work-cotton-table-runner-47-x-12-5-in
iTokri,Multicolor - Block Printed Patchwork Cotton Table Runner, 650,//itokri.com/cdn/shop/products/3T1A9352.jpg?v=1635835063&width=480,https://www.itokri.com/products/442475-27-block-printed-patchwork-cotton-table-runner
iTokri,Green - Handmade Cotton Table Runner 16, 690,//itokri.com/cdn/shop/files/3T1A0568_c9bd120c-435e-4105-a344-44eaf7dfb476.jpg?v=1749298651&width=480,https://www.itokri.com/products/handmade-cotton-table-runner-16-2025-230-1-16
iTokri,,,,https://www.itokri.com/
iTokri,,,,https://www.itokri.com/pages/returns-cancellation
iTokri,,,,https://www.itokri.com/account
iTokri,,,,https://www.itokri.com/pages/best-of-everything
iTokri,,,,https://www.itokri.com/collections/partners-homepage
iTokri,,,,https://www.itokri.com/pages/contact-us
iTokri,Beige - Applique Cut work Cotton Table Runner (73 x 18 in), 1290,//itokri.com/cdn/shop/files/3E9A2972_2e5ff9b1-3454-4a5f-a7ac-546a010ef9bd.jpg?v=1707734180&width=480,https://www.itokri.com/products/2023-504-2-28-applique-cutwork-cotton-table-runner-73-x-18-in
iTokri,Beige - Applique Cut work Cotton Table Runner (73 x 18 in), 1290,//itokri.com/cdn/shop/files/3E9A2977_5797404e-ade0-41cc-b276-3f8f1b4a73c9.jpg?v=1707734197&width=480,https://www.itokri.com/products/2023-504-2-29-applique-cutwork-cotton-table-runner-73-x-18-in
iTokri,Purple - Handmade Cotton Table Runner 17, 690,//itokri.com/cdn/shop/files/3T1A1956_770fe067-88eb-4e16-a26d-7d8dfadb4623.jpg?v=1750497466&width=480,https://www.itokri.com/products/handmade-cotton-table-runner-17-2025-299-1-17
iTokri,Blue - Assam Weave Dining Table Runner & Set of 4 Placemats in Handloom Cotton, 3200,//itokri.com/cdn/shop/products/0Q8A7806.jpg?v=1669449160&width=480,https://www.itokri.com/products/2022-794-1-6-assam-weave-dining-table-runner-set-of-4-placemats-in-handloom-cotton
iTokri,Blue - Handmade Cotton Table Runner 05, 690,//itokri.com/cdn/shop/files/3T1A1906_405b5cc7-3878-4c1b-a410-da173ed569e1.jpg?v=1750497765&width=480,https://www.itokri.com/products/handmade-cotton-table-runner-05-2025-299-1-5
iTokri,Peach - Applique Cut Work Table Runner with Table Mat Set 83, 2650,//itokri.com/cdn/shop/files/0X2A0204.jpg?v=1724938370&width=480,https://www.itokri.com/products/2024-680-1-83-applique-cut-work-table-runner-with-table-mat-set-83
iTokri,White - Sanganeri Print Cotton Table Runner with Mats & Napkins, 2190,//itokri.com/cdn/shop/products/3E9A1685.jpg?v=1664791268&width=480,https://www.itokri.com/products/2022-621-1-27-sanganeri-block-printing-cotton-dining-table-runner-mats-set-of-6-napkins-set-of-6
iTokri,Yellow - Chandi Mati Kantha Work Silk Cotton Table Runner, 3900,//itokri.com/cdn/shop/products/0Q8A0402.jpg?v=1664349948&width=480,https://www.itokri.com/products/2022-461-2-40-chandi-mati-tagai-work-silk-cotton-table-runner
iTokri,Yellow - Chandi Mati Kantha Work Silk Cotton Table Runner, 3900,//itokri.com/cdn/shop/products/0Q8A0404.jpg?v=1664350050&width=480,https://www.itokri.com/products/2022-461-2-42-chandi-mati-tagai-work-silk-cotton-table-runner
iTokri,White - Sanganeri Print Cotton Table Runner with Mats & Napkins, 2190,//itokri.com/cdn/shop/files/0Q8A9506_feac6115-e634-4db8-8657-357af9eaa89e.jpg?v=1697357928&width=480,https://www.itokri.com/products/2023-908-1-11-sanganeri-block-printed-cotton-dining-table-runner-mats-set-of-6-napkins-set-of-6
iTokri,Blue - Handmade Cotton Table Runner 23, 690,//itokri.com/cdn/shop/files/3T1A0595_4e870b61-1eed-4cc6-9dfa-2a8b2d2d521d.jpg?v=1749278984&width=480,https://www.itokri.com/products/handmade-cotton-table-runner-23-2025-230-1-23
iTokri,Brown - Handmade Reversible Cotton Table Runner 07, 690,//itokri.com/cdn/shop/files/3T1A4106.jpg?v=1744099398&width=480,https://www.itokri.com/products/handmade-reversible-cotton-table-runner-07-2024-1753-1-7
iTokri,Black - Natural Bamboo Bagh Block Printed Dining Table Runner 26, 3800,//itokri.com/cdn/shop/files/0X2A9359_ed2f1bdc-2eb6-42e6-ae28-fcb0b8c0aff5.jpg?v=1747722422&width=480,https://www.itokri.com/products/natural-bamboo-bagh-block-printed-dining-table-runner-26-2024-1208-1-26
iTokri,Red - Khambadiya Patchwork Table Runner with Table Mat Set 05, 2290,//itokri.com/cdn/shop/files/3T1A1937_1a8103d1-f6d6-4e3c-a7d4-87645bb751dc.jpg?v=1736489280&width=480,https://www.itokri.com/products/2024-684-3-5-khambadiya-patchwork-table-runner-with-table-mat-set-05
iTokri,White - Sanganeri Print Cotton Table Runner with Mats & Napkins, 2190,//itokri.com/cdn/shop/files/E9A2131_21f659c0-c4c5-465c-8e00-ca9bd34aae1f.jpg?v=1700813534&width=480,https://www.itokri.com/products/2023-1036-1-1-sanganeri-block-printed-cotton-dining-table-runner-mats-set-of-6-napkins-set-of-6
iTokri,White - Sanganeri Print Cotton Table Runner with Mats & Napkins 07, 2590,//itokri.com/cdn/shop/files/0X2A6207.jpg?v=1737026965&width=480,https://www.itokri.com/products/sanganeri-print-cotton-table-runner-with-mats-napkins-07-2024-1379-1-7
iTokri,White - Sanganeri Print Cotton Table Runner with Mats & Napkins 08, 2590,//itokri.com/cdn/shop/files/0X2A6201.jpg?v=1737026983&width=480,https://www.itokri.com/products/sanganeri-print-cotton-table-runner-with-mats-napkins-08-2024-1379-1-8
iTokri,Grey - Sanganeri Print Cotton Table Runner with Mats & Napkins, 2190,//itokri.com/cdn/shop/products/3E9A1638.jpg?v=1664789082&width=480,https://www.itokri.com/products/2022-621-1-13-sanganeri-block-printing-cotton-dining-table-runner-mats-set-of-6-napkins-set-of-6
iTokri,Brown - Applique Cut work Cotton Table Runner (42 x 13 in), 890,//itokri.com/cdn/shop/files/3T1A9654_e9f62cc7-ad9f-47c2-9c0a-1fe3b0d2e06d.jpg?v=1700820066&width=480,https://www.itokri.com/products/482732-32-applique-cut-work-cotton-table-runner
iTokri,White - Sanganeri Print Cotton Table Runner with Mats & Napkins, 2190,//itokri.com/cdn/shop/files/0X2A2684_1ecdfdc9-9104-4a32-9c1f-16c6b9da069f.jpg?v=1688824593&width=480,https://www.itokri.com/products/2023-448-2-9-sanganeri-block-printed-cotton-dining-table-runner-mats-set-of-6-napkins-set-of-6
iTokri,Purple - Applique Cut Work Cotton Table Runner with Table Mats (set of 6), 2150,//itokri.com/cdn/shop/files/E9A4255_0b47c722-6831-424e-9668-8cbc07d0fd80.jpg?v=1687430387&width=480,https://www.itokri.com/products/2023-214-2-6-applique-cut-work-cotton-table-runner-with-table-mats-set-of-6
iTokri,Blue - Assam Weave Dining Table Runner & Set of 4 Placemats in Handloom Cotton, 3100,//itokri.com/cdn/shop/products/0Q8A7798_7fa8ad79-4d6a-4ca1-95e2-dc8e590aa047.jpg?v=1669449099&width=480,https://www.itokri.com/products/2022-794-1-4-assam-weave-dining-table-runner-set-of-4-placemats-in-handloom-cotton
iTokri,White - Applique Cut Work Table Runner with Table Mat Set 94, 2650,//itokri.com/cdn/shop/files/0X2A0254.jpg?v=1724938854&width=480,https://www.itokri.com/products/2024-680-1-94-applique-cut-work-table-runner-with-table-mat-set-94
iTokri,Multicolor - Natural Bamboo Bagh Block Printed Dining Table Runner 29, 3800,//itokri.com/cdn/shop/files/0X2A9419_af2c97e8-5631-4a1a-80f6-3ea81a632631.jpg?v=1747723101&width=480,https://www.itokri.com/products/2022-526-1-42-special-natural-bamboo-bagh-block-printing-table-runner
iTokri,Yellow - Applique Cut work Cotton Table Runner (35 x 17 in), 650,//itokri.com/cdn/shop/files/3E9A2987_3fa30e66-34b9-4ffe-abf4-0f0c712a4d3a.jpg?v=1707734244&width=480,https://www.itokri.com/products/2023-504-2-34-applique-cutwork-cotton-table-runner-35-x-17-in
iTokri,Multicolor - Natural Bamboo Bagh Block Printed Dining Table Runner 28, 4200,//itokri.com/cdn/shop/files/0X2A9414_d370322f-d257-48f8-b0ae-cce131cab711.jpg?v=1747723100&width=480,https://www.itokri.com/products/2022-526-1-21-special-natural-bamboo-bagh-block-printing-table-runner
iTokri,Green - Chandi Mati Kantha Work Silk Cotton Table Runner, 3900,//itokri.com/cdn/shop/products/0Q8A0403.jpg?v=1664349961&width=480,https://www.itokri.com/products/2022-461-2-41-chandi-mati-tagai-work-silk-cotton-table-runner
iTokri,White - Sanganeri Print Cotton Table Runner with Mats & Napkins, 2190,//itokri.com/cdn/shop/products/3E9A1597.jpg?v=1664788650&width=480,https://www.itokri.com/products/2022-621-1-5-sanganeri-block-printing-cotton-dining-table-runner-mats-set-of-6-napkins-set-of-6
iTokri,Red - Natural Bamboo Bagh Block Printed Dining Table Runner 18, 3690,//itokri.com/cdn/shop/files/0X2A9320_33d8fb29-e2e1-4b09-a404-ad1b6f501dd8.jpg?v=1747722383&width=480,https://www.itokri.com/products/natural-bamboo-bagh-block-printed-dining-table-runner-18-2024-1208-1-18
iTokri,White - Sanganeri Print Cotton Table Runner with Mats & Napkins, 2190,//itokri.com/cdn/shop/files/0X2A2641_3ca176d2-1d96-4c2d-a803-98d3289f677f.jpg?v=1688824534&width=480,https://www.itokri.com/products/2023-448-2-2-sanganeri-block-printed-cotton-dining-table-runner-mats-set-of-6-napkins-set-of-6
iTokri,Black - Natural Bamboo Bagh Block Printed Dining Table Runner 06, 4900,//itokri.com/cdn/shop/files/0X2A9372_3535286e-5fe7-4da7-80b4-c06b0e240302.jpg?v=1747723079&width=480,https://www.itokri.com/products/natural-bamboo-bagh-block-printed-dining-table-runner-06-2024-1208-1-6
iTokri,Green - Handmade Cotton Table Runner 07, 690,//itokri.com/cdn/shop/files/3T1A0487_09353047-5916-4f19-9919-05173b1992e8.jpg?v=1749293311&width=480,https://www.itokri.com/products/handmade-cotton-table-runner-07-2025-230-1-7
iTokri,Blue - Kutch Tagai Embroidered Patchwork Mashru Silk Table Runner (47 x 14 in), 1290,//itokri.com/cdn/shop/files/3E9A9595_100de8bf-ddba-4dae-9a57-bcaac5464e3d.jpg?v=1698492066&width=480,https://www.itokri.com/products/519699-56-kutch-tagai-embroidered-patchwork-mashru-silk-table-runner-47-x-14-in
iTokri,Purple - Applique Cut Work Table Runner with Table Mat Set 93, 2650,//itokri.com/cdn/shop/files/0X2A0249.jpg?v=1724938839&width=480,https://www.itokri.com/products/2024-680-1-93-applique-cut-work-table-runner-with-table-mat-set-93
iTokri,Grey - Sanganeri Print Cotton Table Runner with Mats & Napkins, 2190,//itokri.com/cdn/shop/files/0Q8A0653_02cf5fb8-51eb-4bc7-bbf7-7a80be1ff3a7.jpg?v=1685784483&width=480,https://www.itokri.com/products/2023-261-1-5-sanganeri-block-printed-cotton-dining-table-runner-mats-set-of-6-napkins-set-of-6
iTokri,Multicolor - Block Printed Patchwork Cotton Table Runner (61 x 14 in), 650,//itokri.com/cdn/shop/products/MG_6589_7426ebb8-9f08-4f1a-ada2-70760942298d.jpg?v=1657114568&width=480,https://www.itokri.com/products/519699-5-block-printed-patchwork-cotton-table-runner-61-x-14-in
iTokri,,,,https://www.itokri.com/
iTokri,,,,https://www.itokri.com/pages/returns-cancellation
iTokri,,,,https://www.itokri.com/account
iTokri,,,,https://www.itokri.com/pages/best-of-everything
iTokri,,,,https://www.itokri.com/collections/partners-homepage
iTokri,,,,https://www.itokri.com/pages/contact-us
iTokri,White - Sanganeri Print Cotton Table Runner with Mats & Napkins, 2190,//itokri.com/cdn/shop/files/0Q8A0635_9fb5650b-2f03-4012-be02-9a0b4b2ebe28.jpg?v=1685784409&width=480,https://www.itokri.com/products/2023-261-1-2-sanganeri-block-printed-cotton-dining-table-runner-mats-set-of-6-napkins-set-of-6
iTokri,Purple - Applique Cut Work Table Runner with Table Mat Set 39, 2150,//itokri.com/cdn/shop/files/0X2A9914_4ac012b0-1ebd-4664-8a07-3d9462e9578a.jpg?v=1724942330&width=480,https://www.itokri.com/products/2024-680-1-39-applique-cut-work-table-runner-with-table-mat-set-39
iTokri,Blue - Handmade Cotton Table Runner 13, 690,//itokri.com/cdn/shop/files/3T1A1940_0f273e39-b410-487a-be7e-4f4e520640f2.jpg?v=1750498006&width=480,https://www.itokri.com/products/handmade-cotton-table-runner-13-2025-299-1-13
iTokri,Beige - Handmade Cotton Table Runner 18, 690,//itokri.com/cdn/shop/files/3T1A1960_fed50ce5-558e-4228-aeba-a89cc096fb50.jpg?v=1750497453&width=480,https://www.itokri.com/products/handmade-cotton-table-runner-18-2025-299-1-18
iTokri,Black - Kutch Tagai Ajrakh Patchwork Mashru Silk Table Runner (48 x 14 in) 06, 1290,//itokri.com/cdn/shop/files/3T1A9606_3e22087c-2386-48db-8b7e-e56dbb3a8b2d.jpg?v=1719919814&width=480,https://www.itokri.com/products/2024-393-1-6-kutch-tagai-ajrakh-patchwork-mashru-silk-table-runner-48-x-14-in-06
iTokri,Blue - Kutch Tagai Embroidered Patchwork Mashru Silk Table Runner (47 x 14 in), 1290,//itokri.com/cdn/shop/files/3E9A9612_5094f37b-3cac-4167-a9fa-0be66dd5c463.jpg?v=1698492181&width=480,https://www.itokri.com/products/519699-53-kutch-tagai-embroidered-patchwork-mashru-silk-table-runner-47-x-14-in
iTokri,Red - Natural Bamboo Bagh Block Printed Dining Table Runner 01, 4900,//itokri.com/cdn/shop/files/0X2A9394_6b0ca190-8161-4146-a059-0c51120e72ee.jpg?v=1747723091&width=480,https://www.itokri.com/products/natural-bamboo-bagh-block-printed-dining-table-runner-01-2024-1208-1-1
iTokri,Multicolor - Block Printed Patchwork Cotton Table Runner (61 x 14 in), 650,//itokri.com/cdn/shop/products/1_ff1d1da7-ab74-43a6-9682-699a2c1f8424.jpg?v=1657114451&width=480,https://www.itokri.com/products/519699-1-block-printed-patchwork-cotton-table-runner
iTokri,White - Assam Weave Dining Table Runner & Set of 4 Placemats in Handloom Cotton, 3200,//itokri.com/cdn/shop/products/0Q8A7781.jpg?v=1669449046&width=480,https://www.itokri.com/products/2022-794-1-2-assam-weave-dining-table-runner-set-of-4-placemats-in-handloom-cotton
iTokri,Green - Handmade Cotton Table Runner 09, 690,//itokri.com/cdn/shop/files/3T1A1923_e46619d4-edf7-4a90-8c0b-3587e6f4efd5.jpg?v=1750497704&width=480,https://www.itokri.com/products/handmade-cotton-table-runner-09-2025-299-1-9
iTokri,Grey - Applique Cut work Cotton Table Runner (47 x 12.5 in), 890,//itokri.com/cdn/shop/files/3T1A9662_e23601e3-3015-41e8-bdd1-562377054eed.jpg?v=1700820028&width=480,https://www.itokri.com/products/2022-309-1-44-applique-cut-work-cotton-table-runner-47-x-12-5-in
iTokri,Multicolor  - Natural Bamboo Bagh Block Printed Dining Table Runner 16, 3800,//itokri.com/cdn/shop/files/0X2A9315_f51e1195-e115-428d-a9e2-12dea82c6a98.jpg?v=1747722385&width=480,https://www.itokri.com/products/natural-bamboo-bagh-block-printed-dining-table-runner-16-2024-1208-1-16
iTokri,Brown - Handmade Cotton Table Runner 03, 690,//itokri.com/cdn/shop/files/3T1A0501_b65c8705-9117-49f6-8fe6-3b01d483f15e.jpg?v=1749278555&width=480,https://www.itokri.com/products/handmade-cotton-table-runner-03-2025-230-1-3
iTokri,Green - Handmade Cotton Table Runner 11, 690,//itokri.com/cdn/shop/files/3T1A1932_39fabd1e-f3bc-4fc9-a70a-c5a025bf3955.jpg?v=1750497679&width=480,https://www.itokri.com/products/handmade-cotton-table-runner-11-2025-299-1-11
iTokri,Purple - Applique Cut Work Cotton Table Runner with Table Mats (set of 6), 2150,//itokri.com/cdn/shop/files/E9A4221_91388e1a-caf2-4e63-9752-e5936fdf07ca.jpg?v=1687427170&width=480,https://www.itokri.com/products/2023-214-2-1-applique-cut-work-cotton-table-runner-with-table-mats-set-of-6
iTokri,Yellow - Applique Cut work Cotton Table Runner (73 x 18 in), 1290,//itokri.com/cdn/shop/files/3E9A2963_5d992781-de50-4e93-8a6c-2b4466ef0012.jpg?v=1707734137&width=480,https://www.itokri.com/products/2023-504-2-24-applique-cutwork-cotton-table-runner-73-x-18-in
iTokri,White - Sanganeri Print Cotton Table Runner with Mats & Napkins, 2190,//itokri.com/cdn/shop/files/E9A2192_4c83b61b-1a4a-43a9-b5bb-b90eca1a15b1.jpg?v=1700813940&width=480,https://www.itokri.com/products/2023-1036-1-11-sanganeri-block-printed-cotton-dining-table-runner-mats-set-of-6-napkins-set-of-6
iTokri,Multicolor - Handmade Cotton Reversible Table Runner 06, 690,//itokri.com/cdn/shop/files/632A0460_215ab4c3-263e-45a2-b8e6-6d2370f514d3.jpg?v=1733133114&width=480,https://www.itokri.com/products/handmade-cotton-reversible-table-runner-06-2024-1277-1-6
iTokri,Red - Natural Bamboo Bagh Block Printed Dining Table Runner 28, 1890,//itokri.com/cdn/shop/files/0X2A9336_724d5b73-00ab-49eb-92ae-0e8ccd8794ef.jpg?v=1747722413&width=480,https://www.itokri.com/products/natural-bamboo-bagh-block-printed-dining-table-runner-28-2024-1208-1-28
iTokri,Blue - Handmade Reversible Cotton Table Runner 18, 690,//itokri.com/cdn/shop/files/3T1A4171_1bcd21f5-3f64-4b9b-83fe-02cb54148692.jpg?v=1744099162&width=480,https://www.itokri.com/products/handmade-reversible-cotton-table-runner-18-2024-1753-1-18
iTokri,Multicolor - Sanganeri Print Cotton Table Runner with Mats & Napkins, 2190,//itokri.com/cdn/shop/files/E9A2187_5b7aa9d7-7c5b-46d9-96c7-8498f88707bd.jpg?v=1700813911&width=480,https://www.itokri.com/products/2023-1036-1-10-sanganeri-block-printed-cotton-dining-table-runner-mats-set-of-6-napkins-set-of-6
iTokri,Red - Handmade Cotton Table Runner 08, 690,//itokri.com/cdn/shop/files/3T1A0528_e80d70b1-bd8f-4e41-b3fc-8dc21d363dff.jpg?v=1749278691&width=480,https://www.itokri.com/products/handmade-cotton-table-runner-08-2025-230-1-8
iTokri,Blue - Sanganeri Print Cotton Table Runner with Mats & Napkins, 2190,//itokri.com/cdn/shop/products/3E9A1571.jpg?v=1665569826&width=480,https://www.itokri.com/products/2022-621-1-1-sanganeri-block-printing-cotton-dining-table-runner-mats-set-of-6-napkins-set-of-6
iTokri,Brown - Handmade Cotton Table Runner 21, 690,//itokri.com/cdn/shop/files/3T1A0586_c5bf4c75-e1d3-42d5-82d6-26705f30de56.jpg?v=1749278953&width=480,https://www.itokri.com/products/handmade-cotton-table-runner-21-2025-230-1-21
iTokri,Blue - Chandi Mati Kantha Work Silk Cotton Table Runner, 3900,//itokri.com/cdn/shop/products/0Q8A0396.jpg?v=1664349913&width=480,https://www.itokri.com/products/2022-461-2-38-chandi-mati-tagai-work-silk-cotton-table-runner
iTokri,Red - Natural Bamboo Bagh Block Printed Dining Table Runner 32, 4900,//itokri.com/cdn/shop/files/0X2A9434_a066fd6b-a862-43ec-af99-eef6cd6ec328.jpg?v=1747723106&width=480,https://www.itokri.com/products/2022-526-1-11-special-natural-bamboo-bagh-block-printing-table-runner
iTokri,Red - Original Mulberry Silk Crewel Hand Embroidery Table Runner (60 x 12 in) 08, 4490,//itokri.com/cdn/shop/files/3E9A2059.jpg?v=1737461395&width=480,https://www.itokri.com/products/2022-107-1-23-original-chain-stitch-mulberry-silk-thread-hand-embroidery-table-runner-60-x-12-in
iTokri,Multicolor - Natural Bamboo Bagh Block Printed Dining Table Runner 14, 3690,//itokri.com/cdn/shop/files/0X2A9329_b5799c03-5143-4242-8ab0-03f495a71486.jpg?v=1747722390&width=480,https://www.itokri.com/products/natural-bamboo-bagh-block-printed-dining-table-runner-14-2024-1208-1-14
iTokri,Red - Handmade Cotton Table Runner 12, 690,//itokri.com/cdn/shop/files/3T1A1936_b7f327c9-5c32-4fdf-806a-afd4556462bb.jpg?v=1750497667&width=480,https://www.itokri.com/products/handmade-cotton-table-runner-12-2025-299-1-12
iTokri,White - Sanganeri Print Cotton Table Runner with Mats & Napkins, 2190,//itokri.com/cdn/shop/files/0Q8A9465_f4beda94-3322-4aac-92c9-32303b4f4f03.jpg?v=1697358128&width=480,https://www.itokri.com/products/2023-908-1-4-sanganeri-block-printed-cotton-dining-table-runner-mats-set-of-6-napkins-set-of-6
iTokri,Purple - Chandi Mati Kantha Work Silk Cotton Table Runner, 3900,//itokri.com/cdn/shop/products/0Q8A0390.jpg?v=1664349704&width=480,https://www.itokri.com/products/2022-461-2-35-chandi-mati-tagai-work-silk-cotton-table-runner
iTokri,Brown - Handmade Cotton Table Runner 19, 690,//itokri.com/cdn/shop/files/3T1A1966_6271656b-ee2c-4330-a8ef-1a7c4fd28b42.jpg?v=1750497442&width=480,https://www.itokri.com/products/handmade-cotton-table-runner-19-2025-299-1-19
iTokri,Multicolor - Natural Bamboo Bagh Block Printed Dining Table Runner 27, 4200,//itokri.com/cdn/shop/files/0X2A9410_a9a6d9d8-f4a5-4a68-a5a0-9852121adb1e.jpg?v=1747723098&width=480,https://www.itokri.com/products/2022-526-1-25-special-natural-bamboo-bagh-block-printing-table-runner
iTokri,Red - Natural Bamboo Bagh Block Printed Dining Table Runner 03, 4900,//itokri.com/cdn/shop/files/0X2A9385_d6f17440-8798-41a6-8a36-c1169c46f682.jpg?v=1747723086&width=480,https://www.itokri.com/products/natural-bamboo-bagh-block-printed-dining-table-runner-03-2024-1208-1-3
iTokri,Aqua Blue - Original Mulberry Silk Crewel Hand Embroidery Table Runner (60 x 12 in) 10, 4490,//itokri.com/cdn/shop/files/3E9A2068_901770b7-e6a0-4044-b10a-1d429daa5546.jpg?v=1737461408&width=480,https://www.itokri.com/products/2022-107-1-34-original-chain-stitch-mulberry-silk-thread-hand-embroidery-table-runner-60-x-12-in
iTokri,Multicolor - Kantha Stitch Patchwork Silk Table Runner (59 x 13 in), 1250,//itokri.com/cdn/shop/files/632A2157.jpg?v=1697715538&width=480,https://www.itokri.com/products/2023-904-1-3-kantha-stitch-patchwork-silk-table-runner-59-x-13-in
iTokri,,,,https://www.itokri.com/
iTokri,,,,https://www.itokri.com/pages/returns-cancellation
iTokri,,,,https://www.itokri.com/account
iTokri,,,,https://www.itokri.com/pages/best-of-everything
iTokri,,,,https://www.itokri.com/collections/partners-homepage
iTokri,,,,https://www.itokri.com/pages/contact-us
iTokri,Multicolor - Handmade Cotton Table Runner 15, 690,//itokri.com/cdn/shop/files/3T1A0564_b7219ce5-6447-437c-a14f-813dd4da58ed.jpg?v=1749278824&width=480,https://www.itokri.com/products/handmade-cotton-table-runner-15-2025-230-1-15
iTokri,Pink - Handmade Cotton Table Runner 01, 690,//itokri.com/cdn/shop/files/3T1A1885_b26edcbf-e291-4a51-91c2-8bd68cb3ca0c.jpg?v=1750497852&width=480,https://www.itokri.com/products/handmade-cotton-table-runner-01-2025-299-1-1
iTokri,Handmade Cotton Table Runner 12, 690,//itokri.com/cdn/shop/files/3T1A1976_60bfcc12-ab11-47e4-91df-495f3abf9ed8.jpg?v=1750506142&width=480,https://www.itokri.com/products/handmade-cotton-table-runner-12-2025-230-1-12
iTokri,Blue - Handmade Cotton Table Runner 24, 690,//itokri.com/cdn/shop/files/3T1A0602_039f5ebd-65e1-43c9-a5c5-1847efe9a7fb.jpg?v=1749298742&width=480,https://www.itokri.com/products/handmade-cotton-table-runner-24-2025-230-1-24
iTokri,Multicolor - Special Applique Quilted Table Runner (75 x 16 in), 4800,//itokri.com/cdn/shop/products/MG_0794_5bfa7c3d-a15f-4820-b133-57d2898b624f.jpg?v=1653038942&width=480,https://www.itokri.com/products/501122-6-special-applique-quilted-table-runner-75-x-16-in
iTokri,Green - Handmade Cotton Table Runner 02, 690,//itokri.com/cdn/shop/files/3T1A0495_680a82ee-d538-4603-8f2d-0df3ca48ac50.jpg?v=1749278537&width=480,https://www.itokri.com/products/handmade-cotton-table-runner-02-2025-230-1-2
iTokri,Multicolor -  Sanganeri Block Printed Cotton Dining Table Runner Set, 2190,//itokri.com/cdn/shop/files/E9A2197_70f7b4bf-32cc-4d13-89f5-f9c632b0b86d.jpg?v=1700813975&width=480,https://www.itokri.com/products/2023-1036-1-12-sanganeri-block-printed-cotton-dining-table-runner-mats-set-of-6-napkins-set-of-6
iTokri,Pink - Applique Cut Work Cotton Table Runner with Table Mats (set of 6), 2150,//itokri.com/cdn/shop/files/E9A4284_5b681d50-6de8-4a48-8e5a-fe3f9ececdb5.jpg?v=1687430424&width=480,https://www.itokri.com/products/2023-214-2-12-applique-cut-work-cotton-table-runner-with-table-mats-set-of-6
iTokri,Black - Natural Bamboo Bagh Block Printed Dining Table Runner 04, 4900,//itokri.com/cdn/shop/files/0X2A9402_99456616-a969-4784-9ece-a3d4df8c06d0.jpg?v=1747723095&width=480,https://www.itokri.com/products/natural-bamboo-bagh-block-printed-dining-table-runner-04-2024-1208-1-4
iTokri,White - Sanganeri Print Cotton Table Runner with Mats & Napkins, 2190,//itokri.com/cdn/shop/products/3E9A1660.jpg?v=1664790249&width=480,https://www.itokri.com/products/2022-621-1-20-sanganeri-block-printing-cotton-dining-table-runner-mats-set-of-6-napkins-set-of-6
iTokri,Yellow - Handmade Cotton Table Runner 20, 690,//itokri.com/cdn/shop/files/3T1A1970_a3c09cf4-004d-47df-b70f-41c277259af2.jpg?v=1750497420&width=480,https://www.itokri.com/products/handmade-cotton-table-runner-20-2025-299-1-20
iTokri,Red - Natural Bamboo Bagh Block Printed Dining Table Runner 21, 3800,//itokri.com/cdn/shop/files/0X2A9363_78771a5f-9c2b-41a6-9d4d-d97f78d82671.jpg?v=1747722426&width=480,https://www.itokri.com/products/natural-bamboo-bagh-block-printed-dining-table-runner-21-2024-1208-1-21
iTokri,Beige - Assam Weave Dining Table Runner & Set of 4 Placemats in Handloom Cotton, 3900,//itokri.com/cdn/shop/products/0Q8A7810.jpg?v=1669449359&width=480,https://www.itokri.com/products/2022-794-1-7-assam-weave-dining-table-runner-set-of-4-placemats-in-handloom-cotton
iTokri,Orange - Chandi Mati Kantha Work Silk Cotton Table Runner, 3900,//itokri.com/cdn/shop/products/0Q8A0385.jpg?v=1664349621&width=480,https://www.itokri.com/products/2022-461-2-31-chandi-mati-tagai-work-silk-cotton-table-runner
iTokri,Multicolor - Special Applique Quilted Table Runner (75 x 16 in), 4800,//itokri.com/cdn/shop/products/MG_0815_bf687861-9b74-4e58-91db-d2312dac6eba.jpg?v=1653039217&width=480,https://www.itokri.com/products/501122-11-special-applique-quilted-table-runner-75-x-16-in
iTokri,Red - Natural Bamboo Bagh Block Printed Dining Table Runner 15, 3690,//itokri.com/cdn/shop/files/0X2A9310_cf84cf88-9a9f-4d40-81dc-d5494ddc1b7f.jpg?v=1747722381&width=480,https://www.itokri.com/products/natural-bamboo-bagh-block-printed-dining-table-runner-15-2024-1208-1-15
iTokri,Sky Blue - Original Mulberry Silk Crewel Hand Embroidery Table Runner (60 x 12 in) 09, 4490,//itokri.com/cdn/shop/files/3E9A2064_de705531-5086-4aea-b84c-9b1d172d49e8.jpg?v=1737461402&width=480,https://www.itokri.com/products/2022-107-1-25-original-chain-stitch-mulberry-silk-thread-hand-embroidery-table-runner-60-x-12-in
iTokri,White - Sanganeri Print Cotton Table Runner with Mats & Napkins, 2190,//itokri.com/cdn/shop/files/0X2A2636_02be38a8-811c-49a4-a0a6-690506ff7da5.jpg?v=1688824523&width=480,https://www.itokri.com/products/2023-448-2-1-sanganeri-block-printed-cotton-dining-table-runner-mats-set-of-6-napkins-set-of-6
iTokri,Light Purple - Applique Cut work Cotton Table Runner (35 x 17 in), 650,//itokri.com/cdn/shop/files/3E9A2993_00c8bc47-6c96-4842-92b4-f6e0309b3382.jpg?v=1707734568&width=480,https://www.itokri.com/products/2023-504-2-37-applique-cutwork-cotton-table-runner-35-x-17-in
iTokri,Pink - Sanganeri Print Cotton Table Runner with Mats & Napkins, 2190,//itokri.com/cdn/shop/products/3E9A1643.jpg?v=1664789130&width=480,https://www.itokri.com/products/2022-621-1-14-sanganeri-block-printing-cotton-dining-table-runner-mats-set-of-6-napkins-set-of-6
iTokri,Pink - Khambadiya Patchwork Cotton Table Runner with Mat Set 08, 2290,//itokri.com/cdn/shop/files/0X2A2141.jpg?v=1742996193&width=480,https://www.itokri.com/products/khambadiya-patchwork-cotton-table-runner-with-mat-set-08-2024-1727-1-8
iTokri,Red - Natural Bamboo Bagh Block Printed Dining Table Runner 02, 4900,//itokri.com/cdn/shop/files/0X2A9398_a7b904c3-20da-4184-adc6-30d3b978153e.jpg?v=1747723093&width=480,https://www.itokri.com/products/natural-bamboo-bagh-block-printed-dining-table-runner-02-2024-1208-1-2
iTokri,White - Sanganeri Print Cotton Table Runner with Mats & Napkins, 2190,//itokri.com/cdn/shop/files/0X2A2690_51457e10-604c-4f18-a21b-521bf03aa0cd.jpg?v=1688824513&width=480,https://www.itokri.com/products/2023-448-2-10-sanganeri-block-printed-cotton-dining-table-runner-mats-set-of-6-napkins-set-of-6
iTokri,Blue - Applique Cut Work Table Runner with Table Mat Set 51, 2150,//itokri.com/cdn/shop/files/0X2A9983_88f776ad-8fc7-4019-ab11-53517b873a90.jpg?v=1724941397&width=480,https://www.itokri.com/products/2024-680-1-51-applique-cut-work-table-runner-with-table-mat-set-51
iTokri,Multicolor - Natural Bamboo Bagh Block Printed Dining Table Runner 30, 4900,//itokri.com/cdn/shop/files/0X2A9426_b0696736-5f45-4dd6-9830-9c5a2d574c76.jpg?v=1747723103&width=480,https://www.itokri.com/products/2022-526-1-5-special-natural-bamboo-bagh-block-printing-table-runner
iTokri,Black - Natural Bamboo Bagh Block Printed Dining Table Runner 19, 3690,//itokri.com/cdn/shop/files/0X2A9325_e8071032-058e-40d0-869f-78a193d2e05a.jpg?v=1747722388&width=480,https://www.itokri.com/products/natural-bamboo-bagh-block-printed-dining-table-runner-19-2024-1208-1-19
iTokri,Blue - Handmade Cotton Table Runner 10, 690,//itokri.com/cdn/shop/files/3T1A1880_58566394-e168-4493-9520-c20b46bb1655.jpg?v=1750497693&width=480,https://www.itokri.com/products/handmade-cotton-table-runner-10-2025-299-1-10
iTokri,Green - Handmade Cotton Table Runner 04, 690,//itokri.com/cdn/shop/files/3T1A0508_66090d70-b625-4e51-bda3-ed18f44bdccb.jpg?v=1749293352&width=480,https://www.itokri.com/products/handmade-cotton-table-runner-04-2025-230-1-4
iTokri,Green - Applique Cut Work Cotton Table Runner with Table Mats (set of 6), 2150,//itokri.com/cdn/shop/files/E9A4271_a5a5f7e6-54a7-4195-a867-a0abec48887d.jpg?v=1687430416&width=480,https://www.itokri.com/products/2023-214-2-10-applique-cut-work-cotton-table-runner-with-table-mats-set-of-6
iTokri,Yellow - Banarasi Silk Brocade 13pc Dining Table Runner Set 03, 2190,//itokri.com/cdn/shop/files/3T1A6701_a890b93f-6d7b-4898-8816-c6826a4072e8.jpg?v=1734091192&width=480,https://www.itokri.com/products/banarasi-silk-brocade-13pc-dining-table-runner-set-03-2024-1324-1-3
iTokri,Multicolor - Kantha Stitch Patchwork Silk Table Runner (59 x 13 in), 1250,//itokri.com/cdn/shop/files/632A2148_cb83c61a-93d7-426d-9c95-1838e05a63b8.jpg?v=1697715588&width=480,https://www.itokri.com/products/2023-904-1-5-kantha-stitch-patchwork-silk-table-runner-59-x-13-in
iTokri,Handmade Cardamom Fiber Dining Table Runner with Mat Set 46, 2190,//itokri.com/cdn/shop/files/0X2A6218.jpg?v=1738844032&width=480,https://www.itokri.com/products/handmade-cardamom-fiber-dining-table-runner-with-mat-set-46-2023-1201-1-46
iTokri,Purple  - Applique Cut work Cotton Table Runner (47 x 12.5 in), 890,//itokri.com/cdn/shop/files/3T1A9696_8641d816-8d5b-4326-b58d-aa1aad01e883.jpg?v=1700819480&width=480,https://www.itokri.com/products/2022-309-1-19-applique-cut-work-cotton-table-runner-47-x-12-5-in
iTokri,Red - Natural Bamboo Bagh Block Printed Dining Table Runner 23, 3800,//itokri.com/cdn/shop/files/0X2A9367_71550595-04d9-423b-baf7-d0382c71ee98.jpg?v=1747723066&width=480,https://www.itokri.com/products/natural-bamboo-bagh-block-printed-dining-table-runner-23-2024-1208-1-23
iTokri,Green - Sanganeri Print Cotton Table Runner with Mats & Napkins, 2190,//itokri.com/cdn/shop/products/3E9A1612.jpg?v=1664788784&width=480,https://www.itokri.com/products/2022-621-1-9-sanganeri-block-printing-cotton-dining-table-runner-mats-set-of-6-napkins-set-of-6
iTokri,Black - Handmade Reversible Cotton Table Runner 16, 690,//itokri.com/cdn/shop/files/3T1A4153_69158251-c121-43c9-8a4a-18e6f134d665.jpg?v=1744099242&width=480,https://www.itokri.com/products/handmade-reversible-cotton-table-runner-16-2024-1753-1-16
iTokri,,,,https://www.itokri.com/
iTokri,,,,https://www.itokri.com/pages/returns-cancellation
iTokri,,,,https://www.itokri.com/account
iTokri,,,,https://www.itokri.com/pages/best-of-everything
iTokri,,,,https://www.itokri.com/collections/partners-homepage
iTokri,,,,https://www.itokri.com/pages/contact-us
iTokri,Green - Applique Cut work Cotton Table Runner (73 x 18 in), 1290,//itokri.com/cdn/shop/files/3E9A2966_c4af091f-db42-4209-ace8-73830c5441d0.jpg?v=1707734154&width=480,https://www.itokri.com/products/2023-504-2-26-applique-cutwork-cotton-table-runner-73-x-18-in
iTokri,Purple - Sanganeri Print Cotton Table Runner with Mats & Napkins, 2190,//itokri.com/cdn/shop/products/3E9A1648.jpg?v=1664789630&width=480,https://www.itokri.com/products/2022-621-1-16-sanganeri-block-printing-cotton-dining-table-runner-mats-set-of-6-napkins-set-of-6
iTokri,Brown - Applique Cut Work Table Runner with Table Mat Set 88, 2650,//itokri.com/cdn/shop/files/0X2A0224.jpg?v=1724938599&width=480,https://www.itokri.com/products/2024-680-1-88-applique-cut-work-table-runner-with-table-mat-set-88
iTokri,Red - Original Mulberry Silk Crewel Hand Embroidery Table Runner (60 x 12 in) 11, 4490,//itokri.com/cdn/shop/files/3E9A2072_db0deb70-7d4f-4361-9d0f-539ff4cceb05.jpg?v=1737461411&width=480,https://www.itokri.com/products/2022-107-1-36-original-chain-stitch-mulberry-silk-thread-hand-embroidery-table-runner-60-x-12-in
iTokri,Pink - Special Applique Quilted Table Runner (75 x 16 in), 4800,//itokri.com/cdn/shop/products/MG_0806_e78bf663-88b1-4da7-bd75-b224db4206b9.jpg?v=1653039059&width=480,https://www.itokri.com/products/501122-9-special-applique-quilted-table-runner-75-x-16-in
iTokri,Orange - Handmade Cotton Table Runner 01, 690,//itokri.com/cdn/shop/files/3T1A0491_0dd5d9a4-f7ae-4b86-b592-8a69fb226065.jpg?v=1749278326&width=480,https://www.itokri.com/products/handmade-cotton-table-runner-01-2025-230-1-1
iTokri,Multicolor - Chandi Mati Kantha Work Silk Cotton Table Runner, 3900,//itokri.com/cdn/shop/products/0Q8A0389.jpg?v=1664349678&width=480,https://www.itokri.com/products/2022-461-2-34-chandi-mati-tagai-work-silk-cotton-table-runner
iTokri,Pink - Sanganeri Print Cotton Table Runner with Mats & Napkins, 2190,//itokri.com/cdn/shop/products/3E9A1608.jpg?v=1664788756&width=480,https://www.itokri.com/products/2022-621-1-8-sanganeri-block-printing-cotton-dining-table-runner-mats-set-of-6-napkins-set-of-6
iTokri,Red - Handmade Cotton Table Runner 04, 690,//itokri.com/cdn/shop/files/3T1A1902_88497146-11b7-4dd7-a501-6c8dc73952d0.jpg?v=1750497775&width=480,https://www.itokri.com/products/handmade-cotton-table-runner-04-2025-299-1-4
iTokri,Grey - Chandi Mati Kantha Work Silk Cotton Table Runner, 3900,//itokri.com/cdn/shop/products/0Q8A0386.jpg?v=1664349639&width=480,https://www.itokri.com/products/2022-461-2-32-chandi-mati-tagai-work-silk-cotton-table-runner
iTokri,Green - Khambadiya Patchwork Table Runner with Table Mat Set 04, 2290,//itokri.com/cdn/shop/files/3T1A1928_9c272e60-e396-4bf6-a81f-a73aaf2a74a8.jpg?v=1736489347&width=480,https://www.itokri.com/products/2024-684-3-4-khambadiya-patchwork-table-runner-with-table-mat-set-04
iTokri,Multicolor - Natural Bamboo Bagh Block Printed Dining Table Runner 31, 4900,//itokri.com/cdn/shop/files/0X2A9430_2fd3b5c8-dd3e-447a-944b-4e7703139e92.jpg?v=1747723105&width=480,https://www.itokri.com/products/2022-526-1-2-special-natural-bamboo-bagh-block-printing-table-runner
iTokri,Blue - Applique Cut Work Table Runner with Table Mat Set 14, 2150,//itokri.com/cdn/shop/files/0X2A9793.jpg?v=1724938818&width=480,https://www.itokri.com/products/2024-680-1-14-applique-cut-work-table-runner-with-table-mat-set-14
iTokri,Blue - Special Applique Quilted Table Runner (75 x 16 in), 4800,//itokri.com/cdn/shop/products/MG_0796_7ea0e39a-7946-4073-9800-e9dce3a761ea.jpg?v=1653038985&width=480,https://www.itokri.com/products/501122-7-special-applique-quilted-table-runner-75-x-16-in
iTokri,Blue - Applique Cut Work Table Runner with Table Mat Set 10, 2150,//itokri.com/cdn/shop/files/0X2A9775.jpg?v=1724938315&width=480,https://www.itokri.com/products/2024-680-1-10-applique-cut-work-table-runner-with-table-mat-set-10
iTokri,Multicolor - Block Printed Patchwork Cotton Table Runner (61 x 14 in), 650,//itokri.com/cdn/shop/products/MG_6602_cbeeb60d-95d5-41e7-8df5-03256dda3b66.jpg?v=1657114808&width=480,https://www.itokri.com/products/519699-10-block-printed-patchwork-cotton-table-runner-61-x-14-in
iTokri,Blue - Handmade Cotton Table Runner 03, 690,//itokri.com/cdn/shop/files/3T1A1898_7681cc5e-9016-4636-a84e-4a91fe8baffd.jpg?v=1750497786&width=480,https://www.itokri.com/products/handmade-cotton-table-runner-03-2025-299-1-3
iTokri,Black - Applique Cut work Cotton Table Runner (47 x 12.5 in), 890,//itokri.com/cdn/shop/files/3T1A9688_e558a50d-c853-4631-aa26-cdbd2dd0db2c.jpg?v=1700819598&width=480,https://www.itokri.com/products/2022-309-1-22-applique-cut-work-cotton-table-runner-47-x-12-5-in
iTokri,Red - Applique Cut Work Table Runner with Table Mat Set 89, 2650,//itokri.com/cdn/shop/files/0X2A0228.jpg?v=1724938699&width=480,https://www.itokri.com/products/2024-680-1-89-applique-cut-work-table-runner-with-table-mat-set-89
iTokri,Grey - Sanganeri Block Printed Cotton Dining Table Runner Set, 2190,//itokri.com/cdn/shop/files/E9A2219_60ac74af-d642-4588-9b7d-82129f54bc80.jpg?v=1700814076&width=480,https://www.itokri.com/products/2023-1036-1-16-sanganeri-block-printed-cotton-dining-table-runner-mats-set-of-6-napkins-set-of-6
iTokri,Yellow - Applique Cut Work Table Runner with Table Mat Set 12, 2150,//itokri.com/cdn/shop/files/0X2A9785.jpg?v=1724938782&width=480,https://www.itokri.com/products/2024-680-1-12-applique-cut-work-table-runner-with-table-mat-set-12
iTokri,Green - Sanganeri Print Cotton Table Runner with Mats & Napkins, 2190,//itokri.com/cdn/shop/products/3E9A1601.jpg?v=1664788691&width=480,https://www.itokri.com/products/2022-621-1-6-sanganeri-block-printing-cotton-dining-table-runner-mats-set-of-6-napkins-set-of-6
iTokri,Blue - Madur Grass Handwoven Dining Table Runner with Mat Set of 7, 890,//itokri.com/cdn/shop/products/0Q8A7835.jpg?v=1669618938&width=480,https://www.itokri.com/products/540781-60-madur-grass-table-runner-with-table-mat-set
iTokri,White - Sanganeri Print Cotton Table Runner with Mats & Napkins, 2190,//itokri.com/cdn/shop/files/0Q8A0721_f2eefbe0-ce8e-41cc-98dc-9cb3dc71c8fa.jpg?v=1685783664&width=480,https://www.itokri.com/products/2023-165-2-2-sanganeri-block-printed-cotton-dining-table-runner-mats-set-of-6-napkins-set-of-6
iTokri,Pastel Pink - Applique Cut work Cotton Table Runner (42 x 13 in), 890,//itokri.com/cdn/shop/files/3T1A9658_e58a91cc-79bc-4cdf-bda5-8d9b2e09772b.jpg?v=1700820051&width=480,https://www.itokri.com/products/482732-28-applique-cut-work-cotton-table-runner
iTokri,White - Sanganeri Print Cotton Table Runner with Mats & Napkins, 2190,//itokri.com/cdn/shop/files/0X2A2665_f54bdb27-44b6-4de4-bd98-0ebd96342e60.jpg?v=1688824564&width=480,https://www.itokri.com/products/2023-448-2-6-sanganeri-block-printed-cotton-dining-table-runner-mats-set-of-6-napkins-set-of-6
iTokri,Blue - Handmade Cotton Table Runner 17, 690,//itokri.com/cdn/shop/files/3T1A0573_ee79c2da-9116-4b70-8aed-df00d7c0fa4c.jpg?v=1749278855&width=480,https://www.itokri.com/products/handmade-cotton-table-runner-17-2025-230-1-17
iTokri,Black - Natural Bamboo Bagh Block Printed Dining Table Runner 05, 4900,//itokri.com/cdn/shop/files/0X2A9376_f3a19b52-5464-403d-b3ee-dca1095b6e4a.jpg?v=1747723081&width=480,https://www.itokri.com/products/natural-bamboo-bagh-block-printed-dining-table-runner-05-2024-1208-1-5
iTokri,Dark Blue - Original Mulberry Silk Crewel Hand Embroidery Table Runner (60 x 12 in) 07, 4490,//itokri.com/cdn/shop/files/3E9A2055_314e488d-d6a9-4c03-a0d3-befe567de1cd.jpg?v=1737461387&width=480,https://www.itokri.com/products/2022-107-1-21-original-chain-stitch-mulberry-silk-thread-hand-embroidery-table-runner-60-x-12-in
iTokri,Purple - Handmade Cotton Table Runner 05, 690,//itokri.com/cdn/shop/files/3T1A0516_1392e4df-6775-49fe-b198-126f4030b887.jpg?v=1749278583&width=480,https://www.itokri.com/products/handmade-cotton-table-runner-05-2025-230-1-5
iTokri,Red - Natural Bamboo Bagh Block Printed Dining Table Runner 24, 3800,//itokri.com/cdn/shop/files/0X2A9355_c23e7a43-78fa-4f34-ba28-a2bbe78ac14c.jpg?v=1747722420&width=480,https://www.itokri.com/products/natural-bamboo-bagh-block-printed-dining-table-runner-24-2024-1208-1-24
iTokri,Green - Sanganeri Print Cotton Table Runner with Mats & Napkins, 2190,//itokri.com/cdn/shop/products/X2A8511.jpg?v=1648892063&width=480,https://www.itokri.com/products/2021-1292-1-19-sanganeri-hand-block-printed-cotton-table-runners-table-mats-set-of-6-napkins-set-of-6
iTokri,Brown - Applique Cut Work Table Runner with Table Mat Set 08, 2150,//itokri.com/cdn/shop/files/0X2A9762.jpg?v=1724938291&width=480,https://www.itokri.com/products/2024-680-1-8-applique-cut-work-table-runner-with-table-mat-set-08
iTokri,Red - Natural Bamboo Bagh Block Printed Dining Table Runner 27, 3800,//itokri.com/cdn/shop/files/0X2A9345_334932b6-1beb-4fa0-8b53-7f0af6e90914.jpg?v=1747722414&width=480,https://www.itokri.com/products/natural-bamboo-bagh-block-printed-dining-table-runner-27-2024-1208-1-27
iTokri,Multicolor - Block Printed Patchwork Cotton Table Runner (61 x 14 in), 650,//itokri.com/cdn/shop/products/MG_6604_712e1665-9839-4804-b322-4c2950808916.jpg?v=1657114889&width=480,https://www.itokri.com/products/519699-11-block-printed-patchwork-cotton-table-runner-61-x-14-in
iTokri,White - Sanganeri Print Cotton Table Runner with Mats & Napkins, 2190,//itokri.com/cdn/shop/files/0Q8A9445_4ab997e3-4558-4ccc-887e-048e1be01939.jpg?v=1697358037&width=480,https://www.itokri.com/products/2023-908-1-2-sanganeri-block-printed-cotton-dining-table-runner-mats-set-of-6-napkins-set-of-6
iTokri,,,,https://www.itokri.com/
iTokri,,,,https://www.itokri.com/pages/returns-cancellation
iTokri,,,,https://www.itokri.com/account
iTokri,,,,https://www.itokri.com/pages/best-of-everything
iTokri,,,,https://www.itokri.com/collections/partners-homepage
iTokri,,,,https://www.itokri.com/pages/contact-us
